,Date,last_updated_epoch,last_updated,temp_c,temp_f,is_day,condition,wind_mph,wind_kph,wind_degree,wind_dir,pressure_mb,pressure_in,precip_mm,precip_in,humidity,cloud,feelslike_c,feelslike_f,windchill_c,windchill_f,heatindex_c,heatindex_f,dewpoint_c,dewpoint_f,vis_km,vis_miles,uv,gust_mph,gust_kph
0,2024-06-11,1718092800,2024-06-11 11:30,29.2,84.6,1,"{'text': 'Partly cloudy', 'icon': '//cdn.weatherapi.com/weather/64x64/day/116.png', 'code': 1003}",11.9,19.1,270,W,1010.0,29.83,0.0,0.0,66,75,29.1,84.4,32.6,90.7,33.8,92.8,17.1,62.8,8.0,4.0,8.0,13.1,21.1
1,2024-06-12,1718092800,2024-06-11 11:30,29.2,84.6,1,"{'text': 'Partly cloudy', 'icon': '//cdn.weatherapi.com/weather/64x64/day/116.png', 'code': 1003}",11.9,19.1,270,W,1010.0,29.83,0.0,0.0,66,75,29.1,84.4,32.6,90.7,33.8,92.8,17.1,62.8,8.0,4.0,8.0,13.1,21.1
2,2024-06-13,1718092800,2024-06-11 11:30,29.2,84.6,1,"{'text': 'Partly cloudy', 'icon': '//cdn.weatherapi.com/weather/64x64/day/116.png', 'code': 1003}",11.9,19.1,270,W,1010.0,29.83,0.0,0.0,66,75,29.1,84.4,32.6,90.7,33.8,92.8,17.1,62.8,8.0,4.0,8.0,13.1,21.1
3,2024-06-14,1718092800,2024-06-11 11:30,29.2,84.6,1,"{'text': 'Partly cloudy', 'icon': '//cdn.weatherapi.com/weather/64x64/day/116.png', 'code': 1003}",11.9,19.1,270,W,1010.0,29.83,0.0,0.0,66,75,29.1,84.4,32.6,90.7,33.8,92.8,17.1,62.8,8.0,4.0,8.0,13.1,21.1
4,2024-06-15,1718092800,2024-06-11 11:30,29.2,84.6,1,"{'text': 'Partly cloudy', 'icon': '//cdn.weatherapi.com/weather/64x64/day/116.png', 'code': 1003}",11.9,19.1,270,W,1010.0,29.83,0.0,0.0,66,75,29.1,84.4,32.6,90.7,33.8,92.8,17.1,62.8,8.0,4.0,8.0,13.1,21.1
5,2024-06-16,1718092800,2024-06-11 11:30,29.2,84.6,1,"{'text': 'Partly cloudy', 'icon': '//cdn.weatherapi.com/weather/64x64/day/116.png', 'code': 1003}",11.9,19.1,270,W,1010.0,29.83,0.0,0.0,66,75,29.1,84.4,32.6,90.7,33.8,92.8,17.1,62.8,8.0,4.0,8.0,13.1,21.1
6,2024-06-17,1718092800,2024-06-11 11:30,29.2,84.6,1,"{'text': 'Partly cloudy', 'icon': '//cdn.weatherapi.com/weather/64x64/day/116.png', 'code': 1003}",11.9,19.1,270,W,1010.0,29.83,0.0,0.0,66,75,29.1,84.4,32.6,90.7,33.8,92.8,17.1,62.8,8.0,4.0,8.0,13.1,21.1
7,2024-06-18,1718092800,2024-06-11 11:30,29.2,84.6,1,"{'text': 'Partly cloudy', 'icon': '//cdn.weatherapi.com/weather/64x64/day/116.png', 'code': 1003}",11.9,19.1,270,W,1010.0,29.83,0.0,0.0,66,75,29.1,84.4,32.6,90.7,33.8,92.8,17.1,62.8,8.0,4.0,8.0,13.1,21.1
8,2024-06-19,1718092800,2024-06-11 11:30,29.2,84.6,1,"{'text': 'Partly cloudy', 'icon': '//cdn.weatherapi.com/weather/64x64/day/116.png', 'code': 1003}",11.9,19.1,270,W,1010.0,29.83,0.0,0.0,66,75,29.1,84.4,32.6,90.7,33.8,92.8,17.1,62.8,8.0,4.0,8.0,13.1,21.1
9,2024-06-20,1718092800,2024-06-11 11:30,29.2,84.6,1,"{'text': 'Partly cloudy', 'icon': '//cdn.weatherapi.com/weather/64x64/day/116.png', 'code': 1003}",11.9,19.1,270,W,1010.0,29.83,0.0,0.0,66,75,29.1,84.4,32.6,90.7,33.8,92.8,17.1,62.8,8.0,4.0,8.0,13.1,21.1
10,2024-06-21,1718092800,2024-06-11 11:30,29.2,84.6,1,"{'text': 'Partly cloudy', 'icon': '//cdn.weatherapi.com/weather/64x64/day/116.png', 'code': 1003}",11.9,19.1,270,W,1010.0,29.83,0.0,0.0,66,75,29.1,84.4,32.6,90.7,33.8,92.8,17.1,62.8,8.0,4.0,8.0,13.1,21.1
11,2024-06-22,1718092800,2024-06-11 11:30,29.2,84.6,1,"{'text': 'Partly cloudy', 'icon': '//cdn.weatherapi.com/weather/64x64/day/116.png', 'code': 1003}",11.9,19.1,270,W,1010.0,29.83,0.0,0.0,66,75,29.1,84.4,32.6,90.7,33.8,92.8,17.1,62.8,8.0,4.0,8.0,13.1,21.1
12,2024-06-23,1718092800,2024-06-11 11:30,29.2,84.6,1,"{'text': 'Partly cloudy', 'icon': '//cdn.weatherapi.com/weather/64x64/day/116.png', 'code': 1003}",11.9,19.1,270,W,1010.0,29.83,0.0,0.0,66,75,29.1,84.4,32.6,90.7,33.8,92.8,17.1,62.8,8.0,4.0,8.0,13.1,21.1
13,2024-06-24,1718092800,2024-06-11 11:30,29.2,84.6,1,"{'text': 'Partly cloudy', 'icon': '//cdn.weatherapi.com/weather/64x64/day/116.png', 'code': 1003}",11.9,19.1,270,W,1010.0,29.83,0.0,0.0,66,75,29.1,84.4,32.6,90.7,33.8,92.8,17.1,62.8,8.0,4.0,8.0,13.1,21.1
14,2024-06-25,1718092800,2024-06-11 11:30,29.2,84.6,1,"{'text': 'Partly cloudy', 'icon': '//cdn.weatherapi.com/weather/64x64/day/116.png', 'code': 1003}",11.9,19.1,270,W,1010.0,29.83,0.0,0.0,66,75,29.1,84.4,32.6,90.7,33.8,92.8,17.1,62.8,8.0,4.0,8.0,13.1,21.1
15,2024-06-26,1718092800,2024-06-11 11:30,29.2,84.6,1,"{'text': 'Partly cloudy', 'icon': '//cdn.weatherapi.com/weather/64x64/day/116.png', 'code': 1003}",11.9,19.1,270,W,1010.0,29.83,0.0,0.0,66,75,29.1,84.4,32.6,90.7,33.8,92.8,17.1,62.8,8.0,4.0,8.0,13.1,21.1
16,2024-06-27,1718092800,2024-06-11 11:30,29.2,84.6,1,"{'text': 'Partly cloudy', 'icon': '//cdn.weatherapi.com/weather/64x64/day/116.png', 'code': 1003}",11.9,19.1,270,W,1010.0,29.83,0.0,0.0,66,75,29.1,84.4,32.6,90.7,33.8,92.8,17.1,62.8,8.0,4.0,8.0,13.1,21.1
17,2024-06-28,1718092800,2024-06-11 11:30,29.2,84.6,1,"{'text': 'Partly cloudy', 'icon': '//cdn.weatherapi.com/weather/64x64/day/116.png', 'code': 1003}",11.9,19.1,270,W,1010.0,29.83,0.0,0.0,66,75,29.1,84.4,32.6,90.7,33.8,92.8,17.1,62.8,8.0,4.0,8.0,13.1,21.1
18,2024-06-29,1718092800,2024-06-11 11:30,29.2,84.6,1,"{'text': 'Partly cloudy', 'icon': '//cdn.weatherapi.com/weather/64x64/day/116.png', 'code': 1003}",11.9,19.1,270,W,1010.0,29.83,0.0,0.0,66,75,29.1,84.4,32.6,90.7,33.8,92.8,17.1,62.8,8.0,4.0,8.0,13.1,21.1
19,2024-06-30,1718092800,2024-06-11 11:30,29.2,84.6,1,"{'text': 'Partly cloudy', 'icon': '//cdn.weatherapi.com/weather/64x64/day/116.png', 'code': 1003}",11.9,19.1,270,W,1010.0,29.83,0.0,0.0,66,75,29.1,84.4,32.6,90.7,33.8,92.8,17.1,62.8,8.0,4.0,8.0,13.1,21.1
20,2024-07-01,1718092800,2024-06-11 11:30,29.2,84.6,1,"{'text': 'Partly cloudy', 'icon': '//cdn.weatherapi.com/weather/64x64/day/116.png', 'code': 1003}",11.9,19.1,270,W,1010.0,29.83,0.0,0.0,66,75,29.1,84.4,32.6,90.7,33.8,92.8,17.1,62.8,8.0,4.0,8.0,13.1,21.1
21,2024-07-02,1718092800,2024-06-11 11:30,29.2,84.6,1,"{'text': 'Partly cloudy', 'icon': '//cdn.weatherapi.com/weather/64x64/day/116.png', 'code': 1003}",11.9,19.1,270,W,1010.0,29.83,0.0,0.0,66,75,29.1,84.4,32.6,90.7,33.8,92.8,17.1,62.8,8.0,4.0,8.0,13.1,21.1
22,2024-07-03,1718092800,2024-06-11 11:30,29.2,84.6,1,"{'text': 'Partly cloudy', 'icon': '//cdn.weatherapi.com/weather/64x64/day/116.png', 'code': 1003}",11.9,19.1,270,W,1010.0,29.83,0.0,0.0,66,75,29.1,84.4,32.6,90.7,33.8,92.8,17.1,62.8,8.0,4.0,8.0,13.1,21.1
23,2024-07-04,1718092800,2024-06-11 11:30,29.2,84.6,1,"{'text': 'Partly cloudy', 'icon': '//cdn.weatherapi.com/weather/64x64/day/116.png', 'code': 1003}",11.9,19.1,270,W,1010.0,29.83,0.0,0.0,66,75,29.1,84.4,32.6,90.7,33.8,92.8,17.1,62.8,8.0,4.0,8.0,13.1,21.1
24,2024-07-05,1718092800,2024-06-11 11:30,29.2,84.6,1,"{'text': 'Partly cloudy', 'icon': '//cdn.weatherapi.com/weather/64x64/day/116.png', 'code': 1003}",11.9,19.1,270,W,1010.0,29.83,0.0,0.0,66,75,29.1,84.4,32.6,90.7,33.8,92.8,17.1,62.8,8.0,4.0,8.0,13.1,21.1
25,2024-07-06,1718092800,2024-06-11 11:30,29.2,84.6,1,"{'text': 'Partly cloudy', 'icon': '//cdn.weatherapi.com/weather/64x64/day/116.png', 'code': 1003}",11.9,19.1,270,W,1010.0,29.83,0.0,0.0,66,75,29.1,84.4,32.6,90.7,33.8,92.8,17.1,62.8,8.0,4.0,8.0,13.1,21.1
26,2024-07-07,1718092800,2024-06-11 11:30,29.2,84.6,1,"{'text': 'Partly cloudy', 'icon': '//cdn.weatherapi.com/weather/64x64/day/116.png', 'code': 1003}",11.9,19.1,270,W,1010.0,29.83,0.0,0.0,66,75,29.1,84.4,32.6,90.7,33.8,92.8,17.1,62.8,8.0,4.0,8.0,13.1,21.1
27,2024-07-08,1718092800,2024-06-11 11:30,29.2,84.6,1,"{'text': 'Partly cloudy', 'icon': '//cdn.weatherapi.com/weather/64x64/day/116.png', 'code': 1003}",11.9,19.1,270,W,1010.0,29.83,0.0,0.0,66,75,29.1,84.4,32.6,90.7,33.8,92.8,17.1,62.8,8.0,4.0,8.0,13.1,21.1
28,2024-07-09,1718092800,2024-06-11 11:30,29.2,84.6,1,"{'text': 'Partly cloudy', 'icon': '//cdn.weatherapi.com/weather/64x64/day/116.png', 'code': 1003}",11.9,19.1,270,W,1010.0,29.83,0.0,0.0,66,75,29.1,84.4,32.6,90.7,33.8,92.8,17.1,62.8,8.0,4.0,8.0,13.1,21.1
29,2024-07-10,1718092800,2024-06-11 11:30,29.2,84.6,1,"{'text': 'Partly cloudy', 'icon': '//cdn.weatherapi.com/weather/64x64/day/116.png', 'code': 1003}",11.9,19.1,270,W,1010.0,29.83,0.0,0.0,66,75,29.1,84.4,32.6,90.7,33.8,92.8,17.1,62.8,8.0,4.0,8.0,13.1,21.1
30,2024-07-11,1718092800,2024-06-11 11:30,29.2,84.6,1,"{'text': 'Partly cloudy', 'icon': '//cdn.weatherapi.com/weather/64x64/day/116.png', 'code': 1003}",11.9,19.1,270,W,1010.0,29.83,0.0,0.0,66,75,29.1,84.4,32.6,90.7,33.8,92.8,17.1,62.8,8.0,4.0,8.0,13.1,21.1
31,2024-07-12,1718092800,2024-06-11 11:30,29.2,84.6,1,"{'text': 'Partly cloudy', 'icon': '//cdn.weatherapi.com/weather/64x64/day/116.png', 'code': 1003}",11.9,19.1,270,W,1010.0,29.83,0.0,0.0,66,75,29.1,84.4,32.6,90.7,33.8,92.8,17.1,62.8,8.0,4.0,8.0,13.1,21.1
32,2024-07-13,1718092800,2024-06-11 11:30,29.2,84.6,1,"{'text': 'Partly cloudy', 'icon': '//cdn.weatherapi.com/weather/64x64/day/116.png', 'code': 1003}",11.9,19.1,270,W,1010.0,29.83,0.0,0.0,66,75,29.1,84.4,32.6,90.7,33.8,92.8,17.1,62.8,8.0,4.0,8.0,13.1,21.1
33,2024-07-14,1718092800,2024-06-11 11:30,29.2,84.6,1,"{'text': 'Partly cloudy', 'icon': '//cdn.weatherapi.com/weather/64x64/day/116.png', 'code': 1003}",11.9,19.1,270,W,1010.0,29.83,0.0,0.0,66,75,29.1,84.4,32.6,90.7,33.8,92.8,17.1,62.8,8.0,4.0,8.0,13.1,21.1
34,2024-07-15,1718092800,2024-06-11 11:30,29.2,84.6,1,"{'text': 'Partly cloudy', 'icon': '//cdn.weatherapi.com/weather/64x64/day/116.png', 'code': 1003}",11.9,19.1,270,W,1010.0,29.83,0.0,0.0,66,75,29.1,84.4,32.6,90.7,33.8,92.8,17.1,62.8,8.0,4.0,8.0,13.1,21.1
35,2024-07-16,1718092800,2024-06-11 11:30,29.2,84.6,1,"{'text': 'Partly cloudy', 'icon': '//cdn.weatherapi.com/weather/64x64/day/116.png', 'code': 1003}",11.9,19.1,270,W,1010.0,29.83,0.0,0.0,66,75,29.1,84.4,32.6,90.7,33.8,92.8,17.1,62.8,8.0,4.0,8.0,13.1,21.1
36,2024-07-17,1718092800,2024-06-11 11:30,29.2,84.6,1,"{'text': 'Partly cloudy', 'icon': '//cdn.weatherapi.com/weather/64x64/day/116.png', 'code': 1003}",11.9,19.1,270,W,1010.0,29.83,0.0,0.0,66,75,29.1,84.4,32.6,90.7,33.8,92.8,17.1,62.8,8.0,4.0,8.0,13.1,21.1
37,2024-07-18,1718092800,2024-06-11 11:30,29.2,84.6,1,"{'text': 'Partly cloudy', 'icon': '//cdn.weatherapi.com/weather/64x64/day/116.png', 'code': 1003}",11.9,19.1,270,W,1010.0,29.83,0.0,0.0,66,75,29.1,84.4,32.6,90.7,33.8,92.8,17.1,62.8,8.0,4.0,8.0,13.1,21.1
38,2024-07-19,1718092800,2024-06-11 11:30,29.2,84.6,1,"{'text': 'Partly cloudy', 'icon': '//cdn.weatherapi.com/weather/64x64/day/116.png', 'code': 1003}",11.9,19.1,270,W,1010.0,29.83,0.0,0.0,66,75,29.1,84.4,32.6,90.7,33.8,92.8,17.1,62.8,8.0,4.0,8.0,13.1,21.1
39,2024-07-20,1718092800,2024-06-11 11:30,29.2,84.6,1,"{'text': 'Partly cloudy', 'icon': '//cdn.weatherapi.com/weather/64x64/day/116.png', 'code': 1003}",11.9,19.1,270,W,1010.0,29.83,0.0,0.0,66,75,29.1,84.4,32.6,90.7,33.8,92.8,17.1,62.8,8.0,4.0,8.0,13.1,21.1
40,2024-07-21,1718092800,2024-06-11 11:30,29.2,84.6,1,"{'text': 'Partly cloudy', 'icon': '//cdn.weatherapi.com/weather/64x64/day/116.png', 'code': 1003}",11.9,19.1,270,W,1010.0,29.83,0.0,0.0,66,75,29.1,84.4,32.6,90.7,33.8,92.8,17.1,62.8,8.0,4.0,8.0,13.1,21.1
41,2024-07-22,1718092800,2024-06-11 11:30,29.2,84.6,1,"{'text': 'Partly cloudy', 'icon': '//cdn.weatherapi.com/weather/64x64/day/116.png', 'code': 1003}",11.9,19.1,270,W,1010.0,29.83,0.0,0.0,66,75,29.1,84.4,32.6,90.7,33.8,92.8,17.1,62.8,8.0,4.0,8.0,13.1,21.1
42,2024-07-23,1718092800,2024-06-11 11:30,29.2,84.6,1,"{'text': 'Partly cloudy', 'icon': '//cdn.weatherapi.com/weather/64x64/day/116.png', 'code': 1003}",11.9,19.1,270,W,1010.0,29.83,0.0,0.0,66,75,29.1,84.4,32.6,90.7,33.8,92.8,17.1,62.8,8.0,4.0,8.0,13.1,21.1
43,2024-07-24,1718092800,2024-06-11 11:30,29.2,84.6,1,"{'text': 'Partly cloudy', 'icon': '//cdn.weatherapi.com/weather/64x64/day/116.png', 'code': 1003}",11.9,19.1,270,W,1010.0,29.83,0.0,0.0,66,75,29.1,84.4,32.6,90.7,33.8,92.8,17.1,62.8,8.0,4.0,8.0,13.1,21.1
44,2024-07-25,1718092800,2024-06-11 11:30,29.2,84.6,1,"{'text': 'Partly cloudy', 'icon': '//cdn.weatherapi.com/weather/64x64/day/116.png', 'code': 1003}",11.9,19.1,270,W,1010.0,29.83,0.0,0.0,66,75,29.1,84.4,32.6,90.7,33.8,92.8,17.1,62.8,8.0,4.0,8.0,13.1,21.1
45,2024-07-26,1718092800,2024-06-11 11:30,29.2,84.6,1,"{'text': 'Partly cloudy', 'icon': '//cdn.weatherapi.com/weather/64x64/day/116.png', 'code': 1003}",11.9,19.1,270,W,1010.0,29.83,0.0,0.0,66,75,29.1,84.4,32.6,90.7,33.8,92.8,17.1,62.8,8.0,4.0,8.0,13.1,21.1
46,2024-07-27,1718092800,2024-06-11 11:30,29.2,84.6,1,"{'text': 'Partly cloudy', 'icon': '//cdn.weatherapi.com/weather/64x64/day/116.png', 'code': 1003}",11.9,19.1,270,W,1010.0,29.83,0.0,0.0,66,75,29.1,84.4,32.6,90.7,33.8,92.8,17.1,62.8,8.0,4.0,8.0,13.1,21.1
47,2024-07-28,1718092800,2024-06-11 11:30,29.2,84.6,1,"{'text': 'Partly cloudy', 'icon': '//cdn.weatherapi.com/weather/64x64/day/116.png', 'code': 1003}",11.9,19.1,270,W,1010.0,29.83,0.0,0.0,66,75,29.1,84.4,32.6,90.7,33.8,92.8,17.1,62.8,8.0,4.0,8.0,13.1,21.1
48,2024-07-29,1718092800,2024-06-11 11:30,29.2,84.6,1,"{'text': 'Partly cloudy', 'icon': '//cdn.weatherapi.com/weather/64x64/day/116.png', 'code': 1003}",11.9,19.1,270,W,1010.0,29.83,0.0,0.0,66,75,29.1,84.4,32.6,90.7,33.8,92.8,17.1,62.8,8.0,4.0,8.0,13.1,21.1
49,2024-07-30,1718092800,2024-06-11 11:30,29.2,84.6,1,"{'text': 'Partly cloudy', 'icon': '//cdn.weatherapi.com/weather/64x64/day/116.png', 'code': 1003}",11.9,19.1,270,W,1010.0,29.83,0.0,0.0,66,75,29.1,84.4,32.6,90.7,33.8,92.8,17.1,62.8,8.0,4.0,8.0,13.1,21.1
50,2024-07-31,1718092800,2024-06-11 11:30,29.2,84.6,1,"{'text': 'Partly cloudy', 'icon': '//cdn.weatherapi.com/weather/64x64/day/116.png', 'code': 1003}",11.9,19.1,270,W,1010.0,29.83,0.0,0.0,66,75,29.1,84.4,32.6,90.7,33.8,92.8,17.1,62.8,8.0,4.0,8.0,13.1,21.1
51,2024-08-01,1718092800,2024-06-11 11:30,29.2,84.6,1,"{'text': 'Partly cloudy', 'icon': '//cdn.weatherapi.com/weather/64x64/day/116.png', 'code': 1003}",11.9,19.1,270,W,1010.0,29.83,0.0,0.0,66,75,29.1,84.4,32.6,90.7,33.8,92.8,17.1,62.8,8.0,4.0,8.0,13.1,21.1
52,2024-08-02,1718092800,2024-06-11 11:30,29.2,84.6,1,"{'text': 'Partly cloudy', 'icon': '//cdn.weatherapi.com/weather/64x64/day/116.png', 'code': 1003}",11.9,19.1,270,W,1010.0,29.83,0.0,0.0,66,75,29.1,84.4,32.6,90.7,33.8,92.8,17.1,62.8,8.0,4.0,8.0,13.1,21.1
53,2024-08-03,1718092800,2024-06-11 11:30,29.2,84.6,1,"{'text': 'Partly cloudy', 'icon': '//cdn.weatherapi.com/weather/64x64/day/116.png', 'code': 1003}",11.9,19.1,270,W,1010.0,29.83,0.0,0.0,66,75,29.1,84.4,32.6,90.7,33.8,92.8,17.1,62.8,8.0,4.0,8.0,13.1,21.1
54,2024-08-04,1718092800,2024-06-11 11:30,29.2,84.6,1,"{'text': 'Partly cloudy', 'icon': '//cdn.weatherapi.com/weather/64x64/day/116.png', 'code': 1003}",11.9,19.1,270,W,1010.0,29.83,0.0,0.0,66,75,29.1,84.4,32.6,90.7,33.8,92.8,17.1,62.8,8.0,4.0,8.0,13.1,21.1
55,2024-08-05,1718092800,2024-06-11 11:30,29.2,84.6,1,"{'text': 'Partly cloudy', 'icon': '//cdn.weatherapi.com/weather/64x64/day/116.png', 'code': 1003}",11.9,19.1,270,W,1010.0,29.83,0.0,0.0,66,75,29.1,84.4,32.6,90.7,33.8,92.8,17.1,62.8,8.0,4.0,8.0,13.1,21.1
56,2024-08-06,1718092800,2024-06-11 11:30,29.2,84.6,1,"{'text': 'Partly cloudy', 'icon': '//cdn.weatherapi.com/weather/64x64/day/116.png', 'code': 1003}",11.9,19.1,270,W,1010.0,29.83,0.0,0.0,66,75,29.1,84.4,32.6,90.7,33.8,92.8,17.1,62.8,8.0,4.0,8.0,13.1,21.1
57,2024-08-07,1718092800,2024-06-11 11:30,29.2,84.6,1,"{'text': 'Partly cloudy', 'icon': '//cdn.weatherapi.com/weather/64x64/day/116.png', 'code': 1003}",11.9,19.1,270,W,1010.0,29.83,0.0,0.0,66,75,29.1,84.4,32.6,90.7,33.8,92.8,17.1,62.8,8.0,4.0,8.0,13.1,21.1
58,2024-08-08,1718092800,2024-06-11 11:30,29.2,84.6,1,"{'text': 'Partly cloudy', 'icon': '//cdn.weatherapi.com/weather/64x64/day/116.png', 'code': 1003}",11.9,19.1,270,W,1010.0,29.83,0.0,0.0,66,75,29.1,84.4,32.6,90.7,33.8,92.8,17.1,62.8,8.0,4.0,8.0,13.1,21.1
59,2024-08-09,1718092800,2024-06-11 11:30,29.2,84.6,1,"{'text': 'Partly cloudy', 'icon': '//cdn.weatherapi.com/weather/64x64/day/116.png', 'code': 1003}",11.9,19.1,270,W,1010.0,29.83,0.0,0.0,66,75,29.1,84.4,32.6,90.7,33.8,92.8,17.1,62.8,8.0,4.0,8.0,13.1,21.1
60,2024-08-10,1718092800,2024-06-11 11:30,29.2,84.6,1,"{'text': 'Partly cloudy', 'icon': '//cdn.weatherapi.com/weather/64x64/day/116.png', 'code': 1003}",11.9,19.1,270,W,1010.0,29.83,0.0,0.0,66,75,29.1,84.4,32.6,90.7,33.8,92.8,17.1,62.8,8.0,4.0,8.0,13.1,21.1
61,2024-08-11,1718092800,2024-06-11 11:30,29.2,84.6,1,"{'text': 'Partly cloudy', 'icon': '//cdn.weatherapi.com/weather/64x64/day/116.png', 'code': 1003}",11.9,19.1,270,W,1010.0,29.83,0.0,0.0,66,75,29.1,84.4,32.6,90.7,33.8,92.8,17.1,62.8,8.0,4.0,8.0,13.1,21.1
62,2024-08-12,1718092800,2024-06-11 11:30,29.2,84.6,1,"{'text': 'Partly cloudy', 'icon': '//cdn.weatherapi.com/weather/64x64/day/116.png', 'code': 1003}",11.9,19.1,270,W,1010.0,29.83,0.0,0.0,66,75,29.1,84.4,32.6,90.7,33.8,92.8,17.1,62.8,8.0,4.0,8.0,13.1,21.1
63,2024-08-13,1718092800,2024-06-11 11:30,29.2,84.6,1,"{'text': 'Partly cloudy', 'icon': '//cdn.weatherapi.com/weather/64x64/day/116.png', 'code': 1003}",11.9,19.1,270,W,1010.0,29.83,0.0,0.0,66,75,29.1,84.4,32.6,90.7,33.8,92.8,17.1,62.8,8.0,4.0,8.0,13.1,21.1
64,2024-08-14,1718092800,2024-06-11 11:30,29.2,84.6,1,"{'text': 'Partly cloudy', 'icon': '//cdn.weatherapi.com/weather/64x64/day/116.png', 'code': 1003}",11.9,19.1,270,W,1010.0,29.83,0.0,0.0,66,75,29.1,84.4,32.6,90.7,33.8,92.8,17.1,62.8,8.0,4.0,8.0,13.1,21.1
65,2024-08-15,1718092800,2024-06-11 11:30,29.2,84.6,1,"{'text': 'Partly cloudy', 'icon': '//cdn.weatherapi.com/weather/64x64/day/116.png', 'code': 1003}",11.9,19.1,270,W,1010.0,29.83,0.0,0.0,66,75,29.1,84.4,32.6,90.7,33.8,92.8,17.1,62.8,8.0,4.0,8.0,13.1,21.1
66,2024-08-16,1718092800,2024-06-11 11:30,29.2,84.6,1,"{'text': 'Partly cloudy', 'icon': '//cdn.weatherapi.com/weather/64x64/day/116.png', 'code': 1003}",11.9,19.1,270,W,1010.0,29.83,0.0,0.0,66,75,29.1,84.4,32.6,90.7,33.8,92.8,17.1,62.8,8.0,4.0,8.0,13.1,21.1
67,2024-08-17,1718092800,2024-06-11 11:30,29.2,84.6,1,"{'text': 'Partly cloudy', 'icon': '//cdn.weatherapi.com/weather/64x64/day/116.png', 'code': 1003}",11.9,19.1,270,W,1010.0,29.83,0.0,0.0,66,75,29.1,84.4,32.6,90.7,33.8,92.8,17.1,62.8,8.0,4.0,8.0,13.1,21.1
68,2024-08-18,1718092800,2024-06-11 11:30,29.2,84.6,1,"{'text': 'Partly cloudy', 'icon': '//cdn.weatherapi.com/weather/64x64/day/116.png', 'code': 1003}",11.9,19.1,270,W,1010.0,29.83,0.0,0.0,66,75,29.1,84.4,32.6,90.7,33.8,92.8,17.1,62.8,8.0,4.0,8.0,13.1,21.1
69,2024-08-19,1718092800,2024-06-11 11:30,29.2,84.6,1,"{'text': 'Partly cloudy', 'icon': '//cdn.weatherapi.com/weather/64x64/day/116.png', 'code': 1003}",11.9,19.1,270,W,1010.0,29.83,0.0,0.0,66,75,29.1,84.4,32.6,90.7,33.8,92.8,17.1,62.8,8.0,4.0,8.0,13.1,21.1
70,2024-08-20,1718092800,2024-06-11 11:30,29.2,84.6,1,"{'text': 'Partly cloudy', 'icon': '//cdn.weatherapi.com/weather/64x64/day/116.png', 'code': 1003}",11.9,19.1,270,W,1010.0,29.83,0.0,0.0,66,75,29.1,84.4,32.6,90.7,33.8,92.8,17.1,62.8,8.0,4.0,8.0,13.1,21.1
71,2024-08-21,1718092800,2024-06-11 11:30,29.2,84.6,1,"{'text': 'Partly cloudy', 'icon': '//cdn.weatherapi.com/weather/64x64/day/116.png', 'code': 1003}",11.9,19.1,270,W,1010.0,29.83,0.0,0.0,66,75,29.1,84.4,32.6,90.7,33.8,92.8,17.1,62.8,8.0,4.0,8.0,13.1,21.1
72,2024-08-22,1718092800,2024-06-11 11:30,29.2,84.6,1,"{'text': 'Partly cloudy', 'icon': '//cdn.weatherapi.com/weather/64x64/day/116.png', 'code': 1003}",11.9,19.1,270,W,1010.0,29.83,0.0,0.0,66,75,29.1,84.4,32.6,90.7,33.8,92.8,17.1,62.8,8.0,4.0,8.0,13.1,21.1
73,2024-08-23,1718092800,2024-06-11 11:30,29.2,84.6,1,"{'text': 'Partly cloudy', 'icon': '//cdn.weatherapi.com/weather/64x64/day/116.png', 'code': 1003}",11.9,19.1,270,W,1010.0,29.83,0.0,0.0,66,75,29.1,84.4,32.6,90.7,33.8,92.8,17.1,62.8,8.0,4.0,8.0,13.1,21.1
74,2024-08-24,1718092800,2024-06-11 11:30,29.2,84.6,1,"{'text': 'Partly cloudy', 'icon': '//cdn.weatherapi.com/weather/64x64/day/116.png', 'code': 1003}",11.9,19.1,270,W,1010.0,29.83,0.0,0.0,66,75,29.1,84.4,32.6,90.7,33.8,92.8,17.1,62.8,8.0,4.0,8.0,13.1,21.1
75,2024-08-25,1718092800,2024-06-11 11:30,29.2,84.6,1,"{'text': 'Partly cloudy', 'icon': '//cdn.weatherapi.com/weather/64x64/day/116.png', 'code': 1003}",11.9,19.1,270,W,1010.0,29.83,0.0,0.0,66,75,29.1,84.4,32.6,90.7,33.8,92.8,17.1,62.8,8.0,4.0,8.0,13.1,21.1
76,2024-08-26,1718092800,2024-06-11 11:30,29.2,84.6,1,"{'text': 'Partly cloudy', 'icon': '//cdn.weatherapi.com/weather/64x64/day/116.png', 'code': 1003}",11.9,19.1,270,W,1010.0,29.83,0.0,0.0,66,75,29.1,84.4,32.6,90.7,33.8,92.8,17.1,62.8,8.0,4.0,8.0,13.1,21.1
77,2024-08-27,1718092800,2024-06-11 11:30,29.2,84.6,1,"{'text': 'Partly cloudy', 'icon': '//cdn.weatherapi.com/weather/64x64/day/116.png', 'code': 1003}",11.9,19.1,270,W,1010.0,29.83,0.0,0.0,66,75,29.1,84.4,32.6,90.7,33.8,92.8,17.1,62.8,8.0,4.0,8.0,13.1,21.1
78,2024-08-28,1718092800,2024-06-11 11:30,29.2,84.6,1,"{'text': 'Partly cloudy', 'icon': '//cdn.weatherapi.com/weather/64x64/day/116.png', 'code': 1003}",11.9,19.1,270,W,1010.0,29.83,0.0,0.0,66,75,29.1,84.4,32.6,90.7,33.8,92.8,17.1,62.8,8.0,4.0,8.0,13.1,21.1
79,2024-08-29,1718092800,2024-06-11 11:30,29.2,84.6,1,"{'text': 'Partly cloudy', 'icon': '//cdn.weatherapi.com/weather/64x64/day/116.png', 'code': 1003}",11.9,19.1,270,W,1010.0,29.83,0.0,0.0,66,75,29.1,84.4,32.6,90.7,33.8,92.8,17.1,62.8,8.0,4.0,8.0,13.1,21.1
80,2024-08-30,1718092800,2024-06-11 11:30,29.2,84.6,1,"{'text': 'Partly cloudy', 'icon': '//cdn.weatherapi.com/weather/64x64/day/116.png', 'code': 1003}",11.9,19.1,270,W,1010.0,29.83,0.0,0.0,66,75,29.1,84.4,32.6,90.7,33.8,92.8,17.1,62.8,8.0,4.0,8.0,13.1,21.1
81,2024-08-31,1718092800,2024-06-11 11:30,29.2,84.6,1,"{'text': 'Partly cloudy', 'icon': '//cdn.weatherapi.com/weather/64x64/day/116.png', 'code': 1003}",11.9,19.1,270,W,1010.0,29.83,0.0,0.0,66,75,29.1,84.4,32.6,90.7,33.8,92.8,17.1,62.8,8.0,4.0,8.0,13.1,21.1
82,2024-09-01,1718092800,2024-06-11 11:30,29.2,84.6,1,"{'text': 'Partly cloudy', 'icon': '//cdn.weatherapi.com/weather/64x64/day/116.png', 'code': 1003}",11.9,19.1,270,W,1010.0,29.83,0.0,0.0,66,75,29.1,84.4,32.6,90.7,33.8,92.8,17.1,62.8,8.0,4.0,8.0,13.1,21.1
83,2024-09-02,1718092800,2024-06-11 11:30,29.2,84.6,1,"{'text': 'Partly cloudy', 'icon': '//cdn.weatherapi.com/weather/64x64/day/116.png', 'code': 1003}",11.9,19.1,270,W,1010.0,29.83,0.0,0.0,66,75,29.1,84.4,32.6,90.7,33.8,92.8,17.1,62.8,8.0,4.0,8.0,13.1,21.1
84,2024-09-03,1718092800,2024-06-11 11:30,29.2,84.6,1,"{'text': 'Partly cloudy', 'icon': '//cdn.weatherapi.com/weather/64x64/day/116.png', 'code': 1003}",11.9,19.1,270,W,1010.0,29.83,0.0,0.0,66,75,29.1,84.4,32.6,90.7,33.8,92.8,17.1,62.8,8.0,4.0,8.0,13.1,21.1
85,2024-09-04,1718092800,2024-06-11 11:30,29.2,84.6,1,"{'text': 'Partly cloudy', 'icon': '//cdn.weatherapi.com/weather/64x64/day/116.png', 'code': 1003}",11.9,19.1,270,W,1010.0,29.83,0.0,0.0,66,75,29.1,84.4,32.6,90.7,33.8,92.8,17.1,62.8,8.0,4.0,8.0,13.1,21.1
86,2024-09-05,1718092800,2024-06-11 11:30,29.2,84.6,1,"{'text': 'Partly cloudy', 'icon': '//cdn.weatherapi.com/weather/64x64/day/116.png', 'code': 1003}",11.9,19.1,270,W,1010.0,29.83,0.0,0.0,66,75,29.1,84.4,32.6,90.7,33.8,92.8,17.1,62.8,8.0,4.0,8.0,13.1,21.1
87,2024-09-06,1718092800,2024-06-11 11:30,29.2,84.6,1,"{'text': 'Partly cloudy', 'icon': '//cdn.weatherapi.com/weather/64x64/day/116.png', 'code': 1003}",11.9,19.1,270,W,1010.0,29.83,0.0,0.0,66,75,29.1,84.4,32.6,90.7,33.8,92.8,17.1,62.8,8.0,4.0,8.0,13.1,21.1
88,2024-09-07,1718092800,2024-06-11 11:30,29.2,84.6,1,"{'text': 'Partly cloudy', 'icon': '//cdn.weatherapi.com/weather/64x64/day/116.png', 'code': 1003}",11.9,19.1,270,W,1010.0,29.83,0.0,0.0,66,75,29.1,84.4,32.6,90.7,33.8,92.8,17.1,62.8,8.0,4.0,8.0,13.1,21.1
89,2024-09-08,1718092800,2024-06-11 11:30,29.2,84.6,1,"{'text': 'Partly cloudy', 'icon': '//cdn.weatherapi.com/weather/64x64/day/116.png', 'code': 1003}",11.9,19.1,270,W,1010.0,29.83,0.0,0.0,66,75,29.1,84.4,32.6,90.7,33.8,92.8,17.1,62.8,8.0,4.0,8.0,13.1,21.1
